<?xml version="1.0" encoding="UTF-8" ?>
<container xmlns="http://symfony.com/schema/dic/services"
    xmlns:xsi="http://www.w3.org/2001/XMLSchema-instance"
    xsi:schemaLocation="http://symfony.com/schema/dic/services
        http://symfony.com/schema/dic/services/services-1.0.xsd">

    <!-- see ApiBundle/Resources/config/services.xml
    
    <parameters>
        <parameter key="app.department.handler.class">AppBundle\Handler\DepartmentHandler</parameter>
        <parameter key="app.department.class">AppBundle\Entity\Department</parameter>
    </parameters>

    <services>
        <service id="app.department.handler" class="%app.department.handler.class%">
            <argument type="service" id="doctrine.orm.entity_manager" />
            <argument>%app.department.class%</argument>
        </service>
    </services>
    
    -->
    
</container>