{
  "_comment_1_": "Template for JSON config file for FSC integration"
  "_comment_2_": "Copy to fsc_config.json on local system, delete these comment lines, and populate relevant values"
  "mode": "stage",
  "peek_only": false
  "minnow_mode": 'fscdev',
  "logging_config": {
    "version": 1,
    "disable_existing_loggers": true,
    "formatters": {
      "standard": {
        "format": "%(asctime)s %(name)s %(levelname)s: %(message)s",
        "datefmt": "%Y-%m-%d %H:%M:%S"
      }
    },
    "handlers": {
      "debug_file": {
        "class": "logging.handlers.TimedRotatingFileHandler",
        "level": "DEBUG",
        "formatter": "standard",
        "filename": "/web/com/scscertified-nest-stage/log/nest/fsc/fsc_azure_event_listener/debug",
        "when": "midnight"
      }
    },
  "scs_fsc_data_configs": {
    "test": {
      "endpoint": "",
      "shared_access_key_name": "",
      "shared_access_key": "",
      "entity_path": ""
    },
    "stage": {
      "endpoint": "",
      "shared_access_key_name": "",
      "shared_access_key": "",
      "entity_path": ""
    },
    "prod": {
      "endpoint": "",
      "shared_access_key_name": "",
      "shared_access_key": "",
      "entity_path": ""
    }
  },
  "fsc_msg_queue_configs": {
    "test": {
      "host": "localhost",
      "user": "",
      "password": "",
      "database": ""
    },
    "stage": {
      "host": "localhost",
      "user": "",
      "password": "",
      "database": ""
    },
    "prod": {
      "host": "localhost",
      "user": "",
      "password": "",
      "database": ""
    }
  }
}
