{
  "_comment_1_": "Template for JSON config file for SF-FSC comparison reporting"
  "_comment_2_": "Copy to sf_fsc_compare_config.json on local system, delete these comment lines, and populate relevant values"
  "afr_db": {
    "test": {
      "server": "",
      "user": "",
      "pass": "",
      "database": ""
    },
    "stage": {
      "server": "",
      "user": "",
      "pass": "",
      "database": ""
    },
    "prod": {
      "server": "",
      "user": "",
      "pass": "",
      "database": ""
    }
  }
}
