{
    "name": "Scs/Nest/api.fos",
    "license": "proprietary",
    "type": "project",
    "description": "Based on \"Symfony Standard Edition\" distribution",
    "autoload": {
        "psr-4": {
            "": "src/"
        },
        "classmap": [
            "app/AppKernel.php",
            "app/AppCache.php"
        ]
    },
    "autoload-dev": {
        "psr-4": { "Tests\\": "tests/" },
        "files": [ "vendor/symfony/symfony/src/Symfony/Component/VarDumper/Resources/functions/dump.php" ]
    },
    "require": {
        "php": ">=5.3.9",
        "doctrine/doctrine-bundle": "^1.6",
        "doctrine/orm": "^2.4.8",
        "incenteev/composer-parameter-handler": "~2.0",
        "sensio/distribution-bundle": "~5.0",
        "sensio/framework-extra-bundle": "^3.0.2",
        "symfony/monolog-bundle": "~2.4",
        "symfony/polyfill-apcu": "^1.0",
        "symfony/swiftmailer-bundle": "~2.3",
        "symfony/symfony": "3.4.*",
        "twig/twig": "^1.0||^2.0",
        
        "doctrine/doctrine-migrations-bundle": "^1.0",
        "doctrine/migrations": "^1.4",
        "friendsofsymfony/rest-bundle": "^2.0",
        "friendsofsymfony/user-bundle": "^2.0",
        "gesdinet/jwt-refresh-token-bundle": "~0.1",
        "jms/serializer-bundle": "^2.0",
        
        "lexik/jwt-authentication-bundle": "^1.7",
        "nelmio/cors-bundle": "^1.4",
        "nelmio/api-doc-bundle": "^2.13",
        "misd/phone-number-bundle": "^1.3",
        "easycorp/easyadmin-bundle": "^1.17",
        "symfony/stopwatch": "^3.4"
    },
    "require-dev": {
        "sensio/generator-bundle": "^3.0",
        "symfony/phpunit-bridge": "^3.0"
    },
    "scripts": {
        "symfony-scripts": [
            "Incenteev\\ParameterHandler\\ScriptHandler::buildParameters",
            "Sensio\\Bundle\\DistributionBundle\\Composer\\ScriptHandler::buildBootstrap",
            "Sensio\\Bundle\\DistributionBundle\\Composer\\ScriptHandler::clearCache",
            "Sensio\\Bundle\\DistributionBundle\\Composer\\ScriptHandler::installAssets",
            "Sensio\\Bundle\\DistributionBundle\\Composer\\ScriptHandler::installRequirementsFile",
            "Sensio\\Bundle\\DistributionBundle\\Composer\\ScriptHandler::prepareDeploymentTarget"
        ],
        "post-install-cmd": [
            "@symfony-scripts"
        ],
        "post-update-cmd": [
            "@symfony-scripts"
        ]
    },
    "config": {
        "bin-dir": "bin",
        "platform": {
            "php": "5.5.9"
        }
    },
    "extra": {
        "symfony-app-dir": "app",
        "symfony-bin-dir": "bin",
        "symfony-var-dir": "var",
        "symfony-web-dir": "web",
        "symfony-tests-dir": "tests",
        "symfony-assets-install": "relative",
        "incenteev-parameters": {
            "file": "app/config/parameters.yml"
        },
        "branch-alias": {
            "dev-master": "3.4-dev"
        }
    }
}
